{"options":{"summaryTrendStats":["avg","min","med","max","p(90)","p(95)"],"summaryTimeUnit":"","noColor":false},"state":{"isStdErrTTY":false,"testRunDurationMs":107480.235926,"isStdOutTTY":false},"metrics":{"http_req_sending":{"type":"trend","contains":"time","values":{"p(95)":0.0226835,"avg":0.011778411572561926,"min":0.004378,"med":0.0106645,"max":0.116606,"p(90)":0.01703470000000001}},"checks":{"contains":"default","values":{"rate":0.4993389329600249,"passes":12841,"fails":12875},"type":"rate"},"iteration_duration":{"contains":"time","values":{"min":2131.605826,"med":2133.732356,"max":7711.079076,"p(90)":2135.648382,"p(95)":2141.8531878,"avg":2147.8848716066236},"type":"trend"},"http_req_receiving":{"type":"trend","contains":"time","values":{"avg":0.07642537704153088,"min":0.015008,"med":0.049977499999999994,"max":3.764239,"p(90)":0.14201480000000002,"p(95)":0.16825245}},"data_received":{"type":"counter","contains":"data","values":{"count":8212854,"rate":76412.69047506129}},"http_req_blocked":{"type":"trend","contains":"time","values":{"avg":5.694819695520296,"min":0.001372,"med":0.002475,"max":3197.617233,"p(90)":0.003587,"p(95)":0.010185499999999958}},"http_req_connecting":{"contains":"time","values":{"min":0,"med":0,"max":3197.578051,"p(90)":0,"p(95)":0,"avg":2.9413134408928285},"type":"trend"},"http_req_failed":{"type":"rate","contains":"default","values":{"fails":12858,"rate":0,"passes":0}},"http_req_duration{expected_response:true}":{"type":"trend","contains":"time","values":{"med":66.134355,"max":5641.984295,"p(90)":67.1249639,"p(95)":67.53708884999999,"avg":67.6364526995642,"min":65.392743}},"vus":{"values":{"max":200,"value":1,"min":1},"type":"gauge","contains":"default"},"iterations":{"values":{"count":6429,"rate":59.815648380473945},"type":"counter","contains":"default"},"http_req_tls_handshaking":{"type":"trend","contains":"time","values":{"avg":2.748537962124747,"min":0,"med":0,"max":144.38609,"p(90)":0,"p(95)":0}},"http_req_duration":{"values":{"avg":67.6364526995642,"min":65.392743,"med":66.134355,"max":5641.984295,"p(90)":67.1249639,"p(95)":67.53708884999999},"thresholds":{"p(95)<100":{"ok":true},"p(99)<400":{"ok":true},"p(99.9)<800":{"ok":true}},"type":"trend","contains":"time"},"vus_max":{"type":"gauge","contains":"default","values":{"value":200,"min":200,"max":200}},"http_req_waiting":{"type":"trend","contains":"time","values":{"p(95)":67.44113420000001,"avg":67.54824891095069,"min":65.342809,"med":66.0455875,"max":5641.899528,"p(90)":67.0405608}},"http_reqs":{"type":"counter","contains":"default","values":{"count":12858,"rate":119.63129676094789}},"data_sent":{"type":"counter","contains":"data","values":{"count":1276417,"rate":11875.829904940025}}},"root_group":{"path":"","id":"d41d8cd98f00b204e9800998ecf8427e","groups":[],"checks":[{"name":"status code","path":"::status code","id":"32386673df0ea7cebd3e9683ec68766f","passes":0,"fails":12858},{"passes":12841,"fails":17,"name":"transaction time","path":"::transaction time","id":"f5ea438357a7bd0339f2d5e5d4209f08"}],"name":""}}